{"region_4_1": 13.575, "region_4_2": 15.65, "region_4_3": 14.890625, "region_4_4": 14.153125, "region_4_5": 14.146875, "region_4_6": 13.5625, "region_4_7": 13.4815625, "region_4_8": 13.403125, "region_4_9": 13.565625, "region_4_10": 13.4946875, "region_4_11": 13.546875, "region_4_12": 13.5875, "region_4_13": 13.659375, "region_4_14": 13.38125, "region_4_15": 13.55625, "region_4_16": 13.675, "region_4_17": 13.709375, "region_4_18": 13.28125, "region_4_19": 13.603125, "region_4_20": 13.69375, "region_4_21": 13.59375, "region_4_22": 12.1875, "region_4_23": 13.4375, "region_4_24": 13.54375, "region_4_25": 13.671875, "region_4_26": 13.04375, "region_4_27": 11.09375, "region_4_28": 14.471875, "region_4_29": 14.290625, "region_4_30": 13.76875, "region_4_31": 13.690625, "region_4_32": 13.95, "region_4_33": 14.4625, "region_4_34": 14.811875, "region_4_35": 14.634375, "region_4_36": 13.1375, "region_4_37": 14.553125, "region_4_38": 14.8375, "region_4_39": 14.759375, "region_4_40": 14.86875, "region_4_41": 15.08125, "region_4_42": 15.33125, "region_4_43": 15.81875, "region_4_44": 15.821875, "region_4_45": 15.8625, "region_4_46": 15.571875, "region_4_47": 13.365625, "region_4_48": 14.0625, "region_4_49": 15.6, "region_4_50": 14.990625, "region_4_51": 13.009375, "region_4_52": 9.896875, "region_4_53": 10.52, "region_6_1": 16.221875, "region_6_2": 19.53125, "region_6_3": 18.646875, "region_6_4": 17.94375, "region_6_5": 16.54375, "region_6_6": 15.909374999999999, "region_6_7": 16.3625, "region_6_8": 16.075, "region_6_9": 16.171875, "region_6_10": 16.09375, "region_6_11": 16.103125, "region_6_12": 16.234375, "region_6_13": 16.25, "region_6_14": 15.9, "region_6_15": 16.628125, "region_6_16": 17.503125, "region_6_17": 18.103125, "region_6_18": 17.6875, "region_6_19": 18.409375, "region_6_20": 18.978125, "region_6_21": 19.24375, "region_6_22": 17.10625, "region_6_23": 18.415625, "region_6_24": 18.11875, "region_6_25": 18.1125, "region_6_26": 17.296875, "region_6_27": 14.893749999999999, "region_6_28": 19.075, "region_6_29": 19.290625, "region_6_30": 17.85625, "region_6_31": 17.6, "region_6_32": 17.86875, "region_6_33": 18.6375, "region_6_34": 19.178125, "region_6_35": 18.940625, "region_6_36": 17.125, "region_6_37": 19.421875, "region_6_38": 19.9, "region_6_39": 19.953125, "region_6_40": 20.53125, "region_6_41": 20.640625, "region_6_42": 21.109375, "region_6_43": 22.10625, "region_6_44": 22.325, "region_6_45": 21.66875, "region_6_46": 21.5625, "region_6_47": 18.478125, "region_6_48": 18.659375, "region_6_49": 20.8125, "region_6_50": 19.321875, "region_6_51": 16.49375, "region_6_52": 11.4375, "region_6_53": 9.68}