Model,Train R²,Test R²,Test RMSE,Test MAE,Overfit
Ridge,0.29525445384183713,0.4116106117550853,4.63629661431363,3.8552318375196797,-0.11635615791324816
LASSO,0.28620759883455205,0.3826229883341896,4.749129632085774,3.947721304328077,-0.09641538949963757
ElasticNet,0.28378213108581174,0.37663005543119565,4.772124073914393,3.97460758900514,-0.09284792434538391
XGB_Reduced,0.516143502731524,0.4613327283551847,4.436077162847569,3.599585070007149,0.0548107743763393
QR_50,,,6.285720909833799,5.398275862068965,
QR_90,,,8.359140499181567,6.866666666666667,
QR_95,,,10.16621913467602,8.64176245210728,
