Model,Train R²,Test R²,Test RMSE,Test MAE,Overfit
Ridge,0.3116417576165713,0.4716956479727413,4.393199153446116,3.593161208568586,-0.16005389035617001
LASSO,0.250681095063079,0.3755843763143558,4.776124924135238,4.003957721534447,-0.12490328125127681
ElasticNet,0.24241289137528854,0.3552796603124353,4.8531585854931825,4.0872830164716625,-0.11286676893714676
XGB_Reduced,0.43224047762837936,0.4451519552677742,4.502210816833692,3.7029230969162277,-0.01291147763939482
XGB_Full_Reg,0.5063384024976937,0.4628193347132883,4.429951621959449,3.6263143415195276,0.043519067784405396
QR_50,,,6.285720909833799,5.398275862068965,
QR_90,,,8.359140499181567,6.866666666666667,
QR_95,,,10.16621913467602,8.64176245210728,
