,mean_daytime_hours_above_30,mean_daytime_hours_above_35,mean_nighttime_hours_above_21,mean_nighttime_hours_above_24,mean_vpd_mean,mean_vpd_max,total_beef_dairy
mean_daytime_hours_above_30,1.0,0.7890386370389381,0.8454117284253366,0.8655948666597344,0.8075643879186527,0.7868051954217621,0.04792775733123964
mean_daytime_hours_above_35,0.7890386370389381,1.0,0.7169679139952008,0.7470954767763043,0.7516525958434414,0.7488565141781667,0.08857007644828138
mean_nighttime_hours_above_21,0.8454117284253366,0.7169679139952008,1.0,0.9336221619699127,0.7806586227388246,0.7697124986204096,0.037253555240695534
mean_nighttime_hours_above_24,0.8655948666597344,0.7470954767763043,0.9336221619699127,1.0,0.7999767785859403,0.7962879397748618,0.060318015658400066
mean_vpd_mean,0.8075643879186527,0.7516525958434414,0.7806586227388246,0.7999767785859403,1.0,0.9231586482873001,0.06761133456510499
mean_vpd_max,0.7868051954217621,0.7488565141781667,0.7697124986204096,0.7962879397748618,0.9231586482873001,1.0,0.10901753398778312
total_beef_dairy,0.04792775733123964,0.08857007644828138,0.037253555240695534,0.060318015658400066,0.06761133456510499,0.10901753398778312,1.0
