,mean_daytime_hours_above_30,mean_daytime_hours_above_35,mean_nighttime_hours_above_21,mean_nighttime_hours_above_24,mean_vpd_mean,mean_vpd_max,total_beef_dairy
mean_daytime_hours_above_30,1.0,0.9073779982144413,0.9632268463769806,0.9710345702319677,0.945229308747728,0.936596876245111,0.06969266991920794
mean_daytime_hours_above_35,0.9073779982144413,1.0,0.8763656117757591,0.8915050686417901,0.884934139911821,0.8836237783996445,0.12240600464124786
mean_nighttime_hours_above_21,0.9632268463769806,0.8763656117757591,1.0,0.9938479260886928,0.9413973472537149,0.9338193343510984,0.05516381195204036
mean_nighttime_hours_above_24,0.9710345702319677,0.8915050686417901,0.9938479260886928,1.0,0.9514151384689131,0.9487761931674249,0.09000387227726163
mean_vpd_mean,0.945229308747728,0.884934139911821,0.9413973472537149,0.9514151384689131,1.0,0.992436322752098,0.10109558312205638
mean_vpd_max,0.936596876245111,0.8836237783996445,0.9338193343510984,0.9487761931674249,0.992436322752098,1.0,0.16270836249969722
total_beef_dairy,0.06969266991920794,0.12240600464124786,0.05516381195204036,0.09000387227726163,0.10109558312205638,0.16270836249969722,1.0
