,mean_daytime_hours_above_30,mean_daytime_hours_above_35,mean_nighttime_hours_above_21,mean_nighttime_hours_above_24,mean_vpd_mean,mean_vpd_max,total_beef_dairy
mean_daytime_hours_above_30,1.0,0.8363855007950639,0.8733584901542755,0.9406520337217233,0.913561590587239,0.8865329658926222,0.04435078859980454
mean_daytime_hours_above_35,0.8363855007950639,1.0,0.5975118739726999,0.7058963480723037,0.790444336199492,0.780440993707685,0.1454832857181897
mean_nighttime_hours_above_21,0.8733584901542755,0.5975118739726999,1.0,0.9780619791245011,0.9064951548986699,0.897516862676623,0.05753627491654365
mean_nighttime_hours_above_24,0.9406520337217233,0.7058963480723037,0.9780619791245011,1.0,0.9254964211516677,0.9164407271746187,0.08059449051484167
mean_vpd_mean,0.913561590587239,0.790444336199492,0.9064951548986699,0.9254964211516677,1.0,0.9902663880604499,0.12300132082576165
mean_vpd_max,0.8865329658926222,0.780440993707685,0.897516862676623,0.9164407271746187,0.9902663880604499,1.0,0.1873876475745787
total_beef_dairy,0.04435078859980454,0.1454832857181897,0.05753627491654365,0.08059449051484167,0.12300132082576165,0.1873876475745787,1.0
