Variable,VIF
heat30,11.994526496514675
heat35,4.425709596451637
night21,5.604947941326202
vpd_mean,12.19640781233432
